{
  "coords": "raw pixels",
  "model": "anisotropic_gamma_3x3x2",
  "grid_rows": 3,
  "grid_cols": 3,
  "gamma_L_grid": [
    [
      [
        0.43133270772303417,
        0.44627048871592867
      ],
      [
        0.40190826916249495,
        0.44779013868580897
      ],
      [
        0.48280638270570186,
        0.4377389299519003
      ]
    ],
    [
      [
        0.5424004678455863,
        0.44211300920521684
      ],
      [
        0.28065579392142964,
        0.44203941699203353
      ],
      [
        0.4461631371593914,
        0.43674696283442427
      ]
    ],
    [
      [
        0.43806416318836994,
        0.44733402626669544
      ],
      [
        0.4291670944133693,
        0.4548440973528722
      ],
      [
        0.5148481742323789,
        0.45202245504893596
      ]
    ]
  ],
  "gamma_R_grid": [
    [
      [
        0.40526187908551053,
        0.4481020166438408
      ],
      [
        0.40047918166677776,
        0.44981684785244014
      ],
      [
        0.5232196007931526,
        0.45275725055730126
      ]
    ],
    [
      [
        0.42529280364019156,
        0.4524170606887344
      ],
      [
        0.34792617311532426,
        0.45053958820163886
      ],
      [
        0.47026225882753764,
        0.4538180227143717
      ]
    ],
    [
      [
        0.3912219721261517,
        0.4481030844825276
      ],
      [
        0.3809056067161198,
        0.4397228995840987
      ],
      [
        0.37234383052419495,
        0.4435733050759651
      ]
    ]
  ],
  "baseline": {
    "dx": 0.23252931690775697,
    "dy": 0.00046557357948541446,
    "dz": 0.0
  },
  "postcorr_z": {
    "a": 0.020334181788215302,
    "b": 0.9444029211879522,
    "c": 0.015117154104500541
  }
}